CHROM,Start,End,SYMBOL,AF,MAX_AF_POPS,VARIANT_CLASS,CLIN_SIG,Feature,Feature_type,Consequence,cDNA_position,CDS_position,Protein_position,Amino_acids,Codons,ENSP,ALLELE_NUM
chr1,27057652,27057675,ARID1A,-,-,deletion,-,ENST00000324856,Transcript,inframe_deletion,1731-1754,1360-1383,454-461,YGQQGPSG/-,TATGGACAACAAGGCCCCAGCGGG/-,ENSP00000320485,1
chr1,27057778,27057837,ARID1A,-,-,deletion,-,ENST00000324856,Transcript,inframe_deletion,1857-1916,1486-1545,496-515,AQPSYQQQPQSQPPQLQSSQ/-,GCCCAACCTTCGTATCAGCAGCAGCCACAGTCTCAACCACCACAGCTCCAGTCCTCTCAG/-,ENSP00000320485,1
chr1,27057804,,ARID1A,-,-,SNV,-,ENST00000324856,Transcript,synonymous_variant,1883,1512,504,P,ccA/ccC,ENSP00000320485,1
chr1,27105700,27105738,ARID1A,-,-,deletion,-,ENST00000324856,Transcript,inframe_deletion,5682-5720,5311-5349,1771-1783,PKLEEEEEEEVVE/-,CCTAAACTAGAAGAGGAAGAAGAAGAGGAAGTAGTTGAA/-,ENSP00000320485,1
chr1,155880573,,KIAA0907,-,-,SNV,benign,ENST00000368321,Transcript,downstream_gene_variant,-,-,-,-,-,ENSP00000357304,1
chr1,155880573,,RIT1,-,-,SNV,benign,ENST00000368322,Transcript,missense_variant,61,31,11,E/Q,Gag/Cag,ENSP00000357305,1
chr1,202304868,,UBE2T,-,-,SNV,-,ENST00000367274,Transcript,synonymous_variant,165,15,5,S,tcA/tcG,ENSP00000356243,1
chr2,16085626,16085637,MYCN,-,-,deletion,-,ENST00000281043,Transcript,inframe_deletion,1099-1110,802-813,268-271,DEEE/-,GATGAAGAGGAA/-,ENSP00000281043,1
chr2,16085626,16085637,MYCNOS,-,-,deletion,-,ENST00000419083,Transcript,upstream_gene_variant,-,-,-,-,-,-,1
chr2,25965231,,ASXL2,-,-,SNV,-,ENST00000435504,Transcript,synonymous_variant,4269,3975,1325,P,ccA/ccC,ENSP00000391447,1
chr2,25965294,,ASXL2,-,-,SNV,-,ENST00000435504,Transcript,missense_variant,4206,3912,1304,Q/H,caG/caC,ENSP00000391447,1
chr3,42449196,,LYZL4,-,-,deletion,-,ENST00000287748,Transcript,intron_variant,-,-,-,-,-,ENSP00000287748,1
chr3,42449195,42449196,LYZL4,-,-,insertion,-,ENST00000287748,Transcript,intron_variant,-,-,-,-,-,ENSP00000287748,1
chr3,47103653,,SETD2,-,-,SNV,-,ENST00000409792,Transcript,"missense_variant,splice_region_variant",6336,6293,2098,R/T,aGa/aCa,ENSP00000386759,1
chr3,47162661,,SETD2,-,-,SNV,benign,ENST00000409792,Transcript,synonymous_variant,3508,3465,1155,N,aaT/aaC,ENSP00000386759,1
chr3,105438957,,CBLB,-,-,SNV,-,ENST00000264122,Transcript,synonymous_variant,1663,1341,447,L,ctA/ctC,ENSP00000264122,1
chr3,128205860,,GATA2,-,-,SNV,benign,ENST00000341105,Transcript,synonymous_variant,347,15,5,P,ccC/ccG,ENSP00000345681,1
chr3,128205860,,RP11-475N22.4,-,-,SNV,benign,ENST00000468377,Transcript,upstream_gene_variant,-,-,-,-,-,-,1
chr3,168830601,,MECOM,-,-,SNV,-,ENST00000264674,Transcript,missense_variant,2321,2182,728,S/T,Tct/Act,ENSP00000264674,1
chr4,24578067,24578093,DHX15,-,-,deletion,-,ENST00000336812,Transcript,inframe_deletion,437-463,280-306,94-102,STHSAHSTH/-,TCAACACATTCTGCTCATTCAACGCAT/-,ENSP00000336741,1
chr4,55141055,,PDGFRA,-,-,SNV,"benign,likely_benign",ENST00000257290,Transcript,synonymous_variant,2032,1701,567,P,ccA/ccG,ENSP00000257290,1
chr4,106157298,106157369,TET2,-,-,deletion,-,ENST00000540549,Transcript,inframe_deletion,3059-3130,2199-2270,733-757,SQSSHLPQNQQQQQKLQIKNKEEIL/S,tcCCAGAGTTCACATCTCCCTCAAAACCAGCAACAGCAGCAAAAATTACAAATAAAGAATAAAGAGGAAATACTc/tcc,ENSP00000442788,1
chr4,106180844,,TET2,-,-,SNV,-,ENST00000540549,Transcript,stop_gained,4732,3872,1291,W/*,tGg/tAg,ENSP00000442788,1
chr4,106196246,106196275,TET2,-,-,deletion,-,ENST00000540549,Transcript,inframe_deletion,5439-5468,4579-4608,1527-1536,QPQPLQKQPP/-,CAGCCCCAGCCTCTACAGAAGCAGCCACCA/-,ENSP00000442788,1
chr4,106196951,,TET2,-,-,SNV,not_provided,ENST00000540549,Transcript,missense_variant,6144,5284,1762,I/V,Ata/Gta,ENSP00000442788,1
chr4,164050088,,NAF1,-,-,SNV,-,ENST00000274054,Transcript,synonymous_variant,1640,1446,482,S,tcT/tcC,ENSP00000274054,1
chr4,164050090,,NAF1,-,-,SNV,-,ENST00000274054,Transcript,missense_variant,1638,1444,482,S/P,Tct/Cct,ENSP00000274054,1
chr4,164050094,,NAF1,-,-,SNV,-,ENST00000274054,Transcript,synonymous_variant,1634,1440,480,P,ccA/ccC,ENSP00000274054,1
chr4,164050103,,NAF1,-,-,SNV,-,ENST00000274054,Transcript,synonymous_variant,1625,1431,477,L,ctG/ctC,ENSP00000274054,1
chr4,164050104,,NAF1,-,-,SNV,-,ENST00000274054,Transcript,missense_variant,1624,1430,477,L/P,cTg/cCg,ENSP00000274054,1
chr4,164050106,,NAF1,-,-,SNV,-,ENST00000274054,Transcript,synonymous_variant,1622,1428,476,P,ccA/ccC,ENSP00000274054,1
chr4,164050109,,NAF1,-,-,SNV,-,ENST00000274054,Transcript,synonymous_variant,1619,1425,475,P,ccA/ccC,ENSP00000274054,1
chr4,164050112,,NAF1,-,-,SNV,-,ENST00000274054,Transcript,synonymous_variant,1616,1422,474,P,ccT/ccC,ENSP00000274054,1
chr4,164050118,,NAF1,-,-,SNV,-,ENST00000274054,Transcript,synonymous_variant,1610,1416,472,P,ccT/ccC,ENSP00000274054,1
chr4,164050124,,NAF1,-,-,SNV,-,ENST00000274054,Transcript,synonymous_variant,1604,1410,470,P,ccA/ccC,ENSP00000274054,1
chr4,164050130,,NAF1,-,-,SNV,-,ENST00000274054,Transcript,synonymous_variant,1598,1404,468,L,ctA/ctC,ENSP00000274054,1
chr4,164050137,,NAF1,-,-,SNV,-,ENST00000274054,Transcript,missense_variant,1591,1397,466,Y/S,tAc/tCc,ENSP00000274054,1
chr4,164050199,,NAF1,-,-,SNV,-,ENST00000274054,Transcript,synonymous_variant,1529,1335,445,P,ccA/ccC,ENSP00000274054,1
chr4,164050205,,NAF1,-,-,SNV,-,ENST00000274054,Transcript,synonymous_variant,1523,1329,443,P,ccA/ccC,ENSP00000274054,1
chr4,164050208,,NAF1,-,-,SNV,-,ENST00000274054,Transcript,synonymous_variant,1520,1326,442,P,ccA/ccC,ENSP00000274054,1
chr4,164050211,,NAF1,-,-,SNV,-,ENST00000274054,Transcript,synonymous_variant,1517,1323,441,P,ccA/ccC,ENSP00000274054,1
chr4,164050217,,NAF1,-,-,SNV,-,ENST00000274054,Transcript,synonymous_variant,1511,1317,439,P,ccA/ccC,ENSP00000274054,1
chr4,164085425,,NAF1,-,-,SNV,-,ENST00000274054,Transcript,missense_variant,678,484,162,I/V,Att/Gtt,ENSP00000274054,1
chr5,170837513,170837514,NPM1,-,-,insertion,-,ENST00000296930,Transcript,"splice_polypyrimidine_tract_variant,intron_variant",-,-,-,-,-,ENSP00000296930,1
chr6,41903782,,BYSL,-,-,SNV,-,ENST00000230340,Transcript,downstream_gene_variant,-,-,-,-,-,ENSP00000230340,1
chr6,41903782,,CCND3,-,-,SNV,-,ENST00000372991,Transcript,missense_variant,974,775,259,S/A,Tct/Gct,ENSP00000362082,1
chr7,92763592,92763593,SAMD9L,-,-,insertion,-,ENST00000318238,Transcript,inframe_insertion,2909-2910,1692-1693,564-565,-/NEWIS,-/AATGAGTGGATCTCC,ENSP00000326247,1
chr7,92763601,92763615,SAMD9L,-,-,deletion,-,ENST00000318238,Transcript,inframe_deletion,2887-2901,1670-1684,557-562,GDPLIE/E,gGAGATCCACTCATTGaa/gaa,ENSP00000326247,1
chr7,101459851,,CUX1,-,-,SNV,-,ENST00000360264,Transcript,intron_variant,-,-,-,-,-,ENSP00000353401,1
chr7,139094365,139094366,C7orf55-LUC7L2,-,-,deletion,-,ENST00000354926,Transcript,frameshift_variant,1098-1099,744-745,248-249,EE/EX,gaAGag/gaag,ENSP00000347005,1
chr7,139094365,139094366,LUC7L2,-,-,deletion,-,ENST00000541515,Transcript,frameshift_variant,967-968,942-943,314-315,EE/EX,gaAGag/gaag,ENSP00000440222,1
chr7,148543583,,EZH2,-,-,SNV,-,ENST00000320356,Transcript,missense_variant,347,225,75,S/R,agC/agG,ENSP00000320147,1
chr8,77765176,77765178,ZFHX4,-,-,deletion,-,ENST00000521891,Transcript,inframe_deletion,6467-6469,6019-6021,2007,P/-,CCT/-,ENSP00000430497,1
chr8,77765278,77765304,ZFHX4,-,-,deletion,-,ENST00000521891,Transcript,inframe_deletion,6569-6595,6121-6147,2041-2049,TPPPPPPPP/-,ACTCCTCCCCCACCACCACCACCTCCT/-,ENSP00000430497,1
chr8,77765289,,ZFHX4,-,-,SNV,likely_benign,ENST00000521891,Transcript,synonymous_variant,6580,6132,2044,P,ccA/ccC,ENSP00000430497,1
chr8,77765292,,ZFHX4,-,-,SNV,-,ENST00000521891,Transcript,synonymous_variant,6583,6135,2045,P,ccA/ccC,ENSP00000430497,1
chr8,77765295,,ZFHX4,-,-,SNV,-,ENST00000521891,Transcript,synonymous_variant,6586,6138,2046,P,ccA/ccC,ENSP00000430497,1
chr8,77765298,,ZFHX4,-,-,SNV,-,ENST00000521891,Transcript,synonymous_variant,6589,6141,2047,P,ccA/ccC,ENSP00000430497,1
chr8,77765319,77765320,ZFHX4,-,-,insertion,-,ENST00000521891,Transcript,frameshift_variant,6610-6611,6162-6163,2054-2055,-/X,-/C,ENSP00000430497,1
chr8,77765328,,ZFHX4,-,-,SNV,-,ENST00000521891,Transcript,synonymous_variant,6619,6171,2057,P,ccA/ccC,ENSP00000430497,1
chr8,77765337,,ZFHX4,-,-,SNV,-,ENST00000521891,Transcript,synonymous_variant,6628,6180,2060,P,ccA/ccC,ENSP00000430497,1
chr8,77765352,,ZFHX4,-,-,SNV,-,ENST00000521891,Transcript,synonymous_variant,6643,6195,2065,P,ccA/ccC,ENSP00000430497,1
chr8,77775449,77775454,ZFHX4,-,-,deletion,-,ENST00000521891,Transcript,inframe_deletion,9947-9952,9499-9504,3167-3168,PP/-,CCTCCT/-,ENSP00000430497,1
chr9,5081780,,JAK2,-,-,SNV,benign,ENST00000381652,Transcript,synonymous_variant,2984,2490,830,L,ctG/ctA,ENSP00000371067,1
chr9,5081780,,RP11-39K24.9,-,-,SNV,benign,ENST00000422953,Transcript,downstream_gene_variant,-,-,-,-,-,-,1
chr9,5081780,,AL161450.1,-,-,SNV,benign,ENST00000601793,Transcript,intron_variant,-,-,-,-,-,ENSP00000470600,1
chr9,136545853,136545895,SARDH,-,-,deletion,-,ENST00000371872,Transcript,intron_variant,-,-,-,-,-,ENSP00000360938,1
chr9,136545922,136545964,SARDH,-,-,deletion,-,ENST00000371872,Transcript,intron_variant,-,-,-,-,-,ENSP00000360938,1
chr9,139390971,139391006,NOTCH1,-,-,deletion,-,ENST00000277541,Transcript,inframe_deletion,7261-7296,7185-7220,2395-2407,QNLQPANIQQQQS/H,caGAACCTGCAGCCAGCAAACATCCAGCAGCAGCAAAGc/cac,ENSP00000277541,1
chr10,27381349,,RNU6-490P,-,-,SNV,benign,ENST00000362985,Transcript,upstream_gene_variant,-,-,-,-,-,-,1
chr10,27381349,,ANKRD26,-,-,SNV,benign,ENST00000376087,Transcript,synonymous_variant,790,624,208,V,gtA/gtG,ENSP00000365255,1
chr10,27389197,,ANKRD26,-,-,SNV,benign,ENST00000376087,Transcript,missense_variant,225,59,20,Q/R,cAg/cGg,ENSP00000365255,1
chr10,53423463,53423464,PRKG1,-,-,deletion,-,ENST00000373980,Transcript,intron_variant,-,-,-,-,-,ENSP00000363092,1
chr10,53423463,53423464,PRKG1,-,-,indel,-,ENST00000373980,Transcript,intron_variant,-,-,-,-,-,ENSP00000363092,1
chr10,53423463,,PRKG1,-,-,deletion,-,ENST00000373980,Transcript,intron_variant,-,-,-,-,-,ENSP00000363092,1
chr10,112361870,,SMC3,-,-,SNV,benign,ENST00000361804,Transcript,synonymous_variant,3165,3039,1013,S,tcA/tcG,ENSP00000354720,1
chr11,32417945,,WT1,-,-,SNV,benign,ENST00000332351,Transcript,synonymous_variant,1392,1107,369,R,cgA/cgG,ENSP00000331327,1
chr11,32456562,,WT1,-,-,SNV,benign,ENST00000332351,Transcript,synonymous_variant,615,330,110,P,ccC/ccT,ENSP00000331327,1
chr11,32456562,,WT1-AS,-,-,SNV,benign,ENST00000395900,Transcript,upstream_gene_variant,-,-,-,-,-,-,1
chr11,64534484,,SF1,-,-,SNV,-,ENST00000377387,Transcript,synonymous_variant,1922,1845,615,P,ccA/ccC,ENSP00000366604,1
chr11,85692181,,PICALM,-,-,SNV,benign,ENST00000393346,Transcript,synonymous_variant,1919,1770,590,A,gcT/gcG,ENSP00000377015,1
chr11,85725937,,PICALM,-,-,SNV,benign,ENST00000393346,Transcript,synonymous_variant,671,522,174,Q,caG/caA,ENSP00000377015,1
chr11,118344778,,KMT2A,-,-,SNV,-,ENST00000534358,Transcript,missense_variant,2927,2904,968,N/K,aaT/aaA,ENSP00000436786,1
chr11,118373502,118373546,KMT2A,-,-,deletion,-,ENST00000534358,Transcript,inframe_deletion,6918-6962,6895-6939,2299-2313,LVSKSSSLKGEKTKV/-,TTGGTGTCCAAGAGCTCCTCTTTAAAGGGAGAGAAGACCAAAGTG/-,ENSP00000436786,1
chr12,12871099,,CDKN1B,-,-,SNV,benign,ENST00000228872,Transcript,missense_variant,1042,326,109,V/G,gTc/gGc,ENSP00000228872,1
chr12,12871222,,CDKN1B,-,-,SNV,-,ENST00000228872,Transcript,missense_variant,1165,449,150,G/V,gGa/gTa,ENSP00000228872,1
chr12,54686468,,NFE2,-,-,SNV,-,ENST00000540264,Transcript,missense_variant,1322,812,271,R/P,cGa/cCa,ENSP00000439120,1
chr12,54686468,,RP11-968A15.8,-,-,SNV,-,ENST00000553061,Transcript,"intron_variant,non_coding_transcript_variant",-,-,-,-,-,-,1
chr12,111884608,,SH2B3,-,-,SNV,-,ENST00000341259,Transcript,missense_variant,1141,784,262,W/R,Tgg/Cgg,ENSP00000345492,1
chr12,111885816,111885839,SH2B3,-,-,deletion,-,ENST00000341259,Transcript,inframe_deletion,1795-1818,1438-1461,480-487,SLPHWDSE/-,TCCCTTCCTCACTGGGATTCAGAG/-,ENSP00000345492,1
chr12,111885816,111885839,ATXN2,-,-,deletion,-,ENST00000377617,Transcript,downstream_gene_variant,-,-,-,-,-,ENSP00000366843,1
chr12,122242666,,SETD1B,-,-,SNV,-,ENST00000267197,Transcript,missense_variant,29,23,8,H/P,cAc/cCc,ENSP00000267197,1
chr12,122242666,,RP11-347I19.8,-,-,SNV,-,ENST00000609067,Transcript,downstream_gene_variant,-,-,-,-,-,-,1
chr12,122242675,,SETD1B,-,-,SNV,-,ENST00000267197,Transcript,missense_variant,38,32,11,H/P,cAc/cCc,ENSP00000267197,1
chr12,122242675,,RP11-347I19.8,-,-,SNV,-,ENST00000609067,Transcript,downstream_gene_variant,-,-,-,-,-,-,1
chr12,122243905,,SETD1B,-,-,SNV,-,ENST00000267197,Transcript,synonymous_variant,444,438,146,I,atC/atT,ENSP00000267197,1
chr12,122243905,,RP11-347I19.8,-,-,SNV,-,ENST00000609067,Transcript,downstream_gene_variant,-,-,-,-,-,-,1
chr12,122248582,,SETD1B,-,-,SNV,-,ENST00000267197,Transcript,synonymous_variant,1737,1731,577,L,ctC/ctG,ENSP00000267197,1
chr12,122252209,,SETD1B,-,-,SNV,-,ENST00000267197,Transcript,synonymous_variant,2094,2088,696,P,ccA/ccC,ENSP00000267197,1
chr12,122252236,,SETD1B,-,-,SNV,-,ENST00000267197,Transcript,missense_variant,2121,2115,705,M/I,atG/atC,ENSP00000267197,1
chr12,122252242,,SETD1B,-,-,SNV,-,ENST00000267197,Transcript,synonymous_variant,2127,2121,707,P,ccA/ccC,ENSP00000267197,1
chr12,122252266,,SETD1B,-,-,SNV,-,ENST00000267197,Transcript,synonymous_variant,2151,2145,715,P,ccA/ccC,ENSP00000267197,1
chr12,122252332,,SETD1B,-,-,SNV,-,ENST00000267197,Transcript,synonymous_variant,2217,2211,737,P,ccG/ccC,ENSP00000267197,1
chr12,122252338,,SETD1B,-,-,SNV,-,ENST00000267197,Transcript,synonymous_variant,2223,2217,739,P,ccA/ccC,ENSP00000267197,1
chr12,122252342,,SETD1B,-,-,SNV,-,ENST00000267197,Transcript,missense_variant,2227,2221,741,I/L,Atc/Ctc,ENSP00000267197,1
chr12,122252343,,SETD1B,-,-,SNV,-,ENST00000267197,Transcript,missense_variant,2228,2222,741,I/N,aTc/aAc,ENSP00000267197,1
chr12,122252355,,SETD1B,-,-,SNV,-,ENST00000267197,Transcript,missense_variant,2240,2234,745,L/Q,cTg/cAg,ENSP00000267197,1
chr12,122255465,122255494,SETD1B,-,-,deletion,-,ENST00000267197,Transcript,"splice_polypyrimidine_tract_variant,intron_variant",-,-,-,-,-,ENSP00000267197,1
chr12,122255510,122255530,SETD1B,-,-,deletion,-,ENST00000267197,Transcript,inframe_deletion,3140-3160,3134-3154,1045-1052,QESTEEEE/Q,cAGGAGAGCACCGAGGAGGAAGag/cag,ENSP00000267197,1
chr12,122255538,122255540,SETD1B,-,-,deletion,-,ENST00000267197,Transcript,inframe_deletion,3168-3170,3162-3164,1054-1055,AE/A,gcGGAg/gcg,ENSP00000267197,1
chr12,122261222,122261247,SETD1B,-,-,deletion,-,ENST00000267197,Transcript,frameshift_variant,4614-4639,4608-4633,1536-1545,IPAPPPPLPP/IX,atCCCAGCCCCTCCACCACCCCTTCCCCcc/atcc,ENSP00000267197,1
chr12,122261237,,SETD1B,-,-,SNV,-,ENST00000267197,Transcript,synonymous_variant,4629,4623,1541,P,ccA/ccC,ENSP00000267197,1
chr12,122261261,,SETD1B,-,-,SNV,-,ENST00000267197,Transcript,synonymous_variant,4653,4647,1549,P,ccA/ccC,ENSP00000267197,1
chr12,122261267,,SETD1B,-,-,SNV,-,ENST00000267197,Transcript,synonymous_variant,4659,4653,1551,P,ccA/ccC,ENSP00000267197,1
chr12,122261276,,SETD1B,-,-,SNV,-,ENST00000267197,Transcript,synonymous_variant,4668,4662,1554,P,ccA/ccC,ENSP00000267197,1
chr14,99641544,99641546,BCL11B,-,-,deletion,-,ENST00000357195,Transcript,inframe_deletion,1637-1639,1627-1629,543,E/-,GAG/-,ENSP00000349723,1
chr16,3778425,3778436,CREBBP,-,-,deletion,-,ENST00000262367,Transcript,inframe_deletion,7422-7433,6612-6623,2204-2208,QQQQQ/Q,caGCAGCAGCAACAa/caa,ENSP00000262367,1
chr16,3778440,3778442,CREBBP,-,-,deletion,-,ENST00000262367,Transcript,inframe_deletion,7416-7418,6606-6608,2202-2203,QQ/Q,caGCAa/caa,ENSP00000262367,1
chr16,3778665,3778700,CREBBP,-,-,deletion,-,ENST00000262367,Transcript,inframe_deletion,7158-7193,6348-6383,2116-2128,QPQPGLQSQPGMQ/Q,caGCCCCAGCCTGGCCTCCAGTCCCAGCCCGGCATGCAa/caa,ENSP00000262367,1
chr16,3779199,,CREBBP,-,-,SNV,-,ENST00000262367,Transcript,missense_variant,6659,5849,1950,Q/P,cAg/cCg,ENSP00000262367,1
chr16,3779210,,CREBBP,-,-,SNV,-,ENST00000262367,Transcript,synonymous_variant,6648,5838,1946,P,ccA/ccC,ENSP00000262367,1
chr16,14676063,,PARN,-,-,SNV,-,ENST00000437198,Transcript,missense_variant,1309,1167,389,C/W,tgC/tgG,ENSP00000387911,1
chr16,15818093,15818176,MYH11,-,-,deletion,-,ENST00000396324,Transcript,inframe_deletion,4316-4399,4228-4311,1410-1437,NLTQQYEEKAAAYDKLEKTKNRLQQELD/-,AACCTCACCCAGCAGTACGAGGAGAAGGCGGCCGCTTATGATAAACTGGAAAAGACCAAGAACAGGCTTCAGCAGGAGCTGGAC/-,ENSP00000379616,1
chr16,15818093,15818176,NDE1,-,-,deletion,-,ENST00000396355,Transcript,"stop_lost,3_prime_UTR_variant",1819-1902,993-?,331-?,-,-,ENSP00000379643,1
chr16,15818093,15818176,AF001548.5,-,-,deletion,-,ENST00000574212,Transcript,upstream_gene_variant,-,-,-,-,-,-,1
chr16,67644900,,CTCF,-,-,SNV,-,ENST00000264010,Transcript,synonymous_variant,609,165,55,N,aaC/aaT,ENSP00000264010,1
chr16,67644900,,AC009095.4,-,-,SNV,-,ENST00000388909,Transcript,downstream_gene_variant,-,-,-,-,-,-,1
chr17,7579424,7579453,TP53,-,-,deletion,-,ENST00000269305,Transcript,inframe_deletion,424-453,234-263,78-88,AAPTPAAPAPA/A,gcAGCTCCTACACCGGCGGCCCCTGCACCAGCc/gcc,ENSP00000269305,1
chr17,7749722,,KDM6B,-,-,SNV,-,ENST00000254846,Transcript,missense_variant,850,461,154,Q/P,cAg/cCg,ENSP00000254846,1
chr17,7750177,7750178,KDM6B,-,-,insertion,-,ENST00000254846,Transcript,inframe_insertion,1141-1142,752-753,251,L/LPP,tta/ttACCACCa,ENSP00000254846,1
chr17,7750178,7750183,KDM6B,-,-,deletion,-,ENST00000254846,Transcript,inframe_deletion,1142-1147,753-758,251-253,LPP/L,ttACCACCa/tta,ENSP00000254846,1
chr17,7750178,7750183,KDM6B,-,-,indel,-,ENST00000254846,Transcript,inframe_insertion,1142-1147,753-758,251-253,LPP/LPPPP,ttACCACCa/ttACCACCACCACCa,ENSP00000254846,1
chr17,7750214,,KDM6B,-,-,SNV,-,ENST00000254846,Transcript,synonymous_variant,1178,789,263,P,ccA/ccC,ENSP00000254846,1
chr17,7750232,,KDM6B,-,-,SNV,-,ENST00000254846,Transcript,synonymous_variant,1196,807,269,A,gcT/gcC,ENSP00000254846,1
chr17,7750244,,KDM6B,-,-,SNV,-,ENST00000254846,Transcript,synonymous_variant,1208,819,273,P,ccA/ccC,ENSP00000254846,1
chr17,7750481,,KDM6B,-,-,SNV,-,ENST00000254846,Transcript,missense_variant,1357,968,323,H/P,cAc/cCc,ENSP00000254846,1
chr17,7750534,7750575,KDM6B,-,-,deletion,-,ENST00000254846,Transcript,inframe_deletion,1410-1451,1021-1062,341-354,PPGAESHGCLPATR/-,CCCCCAGGAGCAGAGAGCCATGGCTGCCTGCCTGCCACCCGT/-,ENSP00000254846,1
chr17,7750539,,KDM6B,-,-,SNV,-,ENST00000254846,Transcript,synonymous_variant,1415,1026,342,P,ccA/ccC,ENSP00000254846,1
chr17,7751016,,KDM6B,-,-,SNV,-,ENST00000254846,Transcript,synonymous_variant,1799,1410,470,P,ccA/ccC,ENSP00000254846,1
chr17,7751154,,KDM6B,-,-,SNV,-,ENST00000254846,Transcript,synonymous_variant,1937,1548,516,P,ccA/ccC,ENSP00000254846,1
chr17,7751168,,KDM6B,-,-,SNV,-,ENST00000254846,Transcript,missense_variant,1951,1562,521,H/P,cAt/cCt,ENSP00000254846,1
chr17,7751247,,KDM6B,-,-,SNV,-,ENST00000254846,Transcript,synonymous_variant,2030,1641,547,P,ccA/ccC,ENSP00000254846,1
chr17,7751253,,KDM6B,-,-,SNV,-,ENST00000254846,Transcript,synonymous_variant,2036,1647,549,P,ccA/ccC,ENSP00000254846,1
chr17,7751778,,KDM6B,-,-,SNV,-,ENST00000254846,Transcript,synonymous_variant,2561,2172,724,P,ccG/ccA,ENSP00000254846,1
chr17,7751859,7751864,KDM6B,-,-,deletion,-,ENST00000254846,Transcript,inframe_deletion,2642-2647,2253-2258,751-753,VTT/V,gtCACCACc/gtc,ENSP00000254846,1
chr17,7751931,7751933,KDM6B,-,-,deletion,-,ENST00000254846,Transcript,inframe_deletion,2714-2716,2325-2327,775-776,LP/L,ctACCa/cta,ENSP00000254846,1
chr17,7751988,,KDM6B,-,-,SNV,-,ENST00000254846,Transcript,synonymous_variant,2771,2382,794,P,ccA/ccC,ENSP00000254846,1
chr17,7752296,,KDM6B,-,-,SNV,-,ENST00000254846,Transcript,missense_variant,3079,2690,897,Q/P,cAa/cCa,ENSP00000254846,1
chr17,7752306,,KDM6B,-,-,SNV,-,ENST00000254846,Transcript,synonymous_variant,3089,2700,900,P,ccA/ccC,ENSP00000254846,1
chr17,7754993,,KDM6B,-,-,SNV,-,ENST00000254846,Transcript,synonymous_variant,4433,4044,1348,L,ctG/ctA,ENSP00000254846,1
chr17,7754993,,TMEM88,-,-,SNV,-,ENST00000301599,Transcript,upstream_gene_variant,-,-,-,-,-,ENSP00000301599,1
chr17,29508775,,NF1,-,-,SNV,benign,ENST00000358273,Transcript,synonymous_variant,1085,702,234,L,ctG/ctA,ENSP00000351015,1
chr17,29553485,,NF1,-,-,SNV,benign,ENST00000358273,Transcript,synonymous_variant,2417,2034,678,P,ccG/ccA,ENSP00000351015,1
chr17,74732507,,METTL23,-,-,SNV,-,ENST00000341249,Transcript,downstream_gene_variant,-,-,-,-,-,ENSP00000341543,1
chr17,74732507,,MIR636,-,-,SNV,-,ENST00000384825,Transcript,downstream_gene_variant,-,-,-,-,-,-,1
chr17,74732507,,SRSF2,-,-,SNV,-,ENST00000392485,Transcript,synonymous_variant,575,402,134,S,agT/agC,ENSP00000376276,1
chr17,74732507,,RP11-318A15.7,-,-,SNV,-,ENST00000587459,Transcript,intron_variant,-,-,-,-,-,ENSP00000466829,1
chr17,74732507,,MFSD11,-,-,SNV,-,ENST00000588460,Transcript,5_prime_UTR_variant,115,-,-,-,-,ENSP00000464932,1
chr17,74733099,,METTL23,-,-,SNV,-,ENST00000341249,Transcript,downstream_gene_variant,-,-,-,-,-,ENSP00000341543,1
chr17,74733099,,MIR636,-,-,SNV,-,ENST00000384825,Transcript,upstream_gene_variant,-,-,-,-,-,-,1
chr17,74733099,,SRSF2,-,-,SNV,-,ENST00000392485,Transcript,synonymous_variant,317,144,48,D,gaC/gaT,ENSP00000376276,1
chr17,74733099,,RP11-318A15.7,-,-,SNV,-,ENST00000587459,Transcript,intron_variant,-,-,-,-,-,ENSP00000466829,1
chr17,74733099,,MFSD11,-,-,SNV,-,ENST00000588460,Transcript,5_prime_UTR_variant,707,-,-,-,-,ENSP00000464932,1
chr18,42529996,,SETBP1,-,-,SNV,benign,ENST00000282030,Transcript,missense_variant,987,691,231,V/L,Gtc/Ctc,ENSP00000282030,1
chr18,42533130,,SETBP1,-,-,SNV,benign,ENST00000282030,Transcript,synonymous_variant,4121,3825,1275,S,tcA/tcG,ENSP00000282030,1
chr18,42643428,42643451,SETBP1,-,-,deletion,-,ENST00000282030,Transcript,inframe_deletion,4852-4875,4556-4579,1519-1527,APPLPPPPP/A,gCGCCGCCCCTGCCCCCGCCACCGCcg/gcg,ENSP00000282030,1
chr18,42643450,,SETBP1,-,-,SNV,-,ENST00000282030,Transcript,synonymous_variant,4874,4578,1526,P,ccG/ccC,ENSP00000282030,1
chr18,42643468,,SETBP1,-,-,SNV,-,ENST00000282030,Transcript,synonymous_variant,4892,4596,1532,P,ccA/ccC,ENSP00000282030,1
chr18,42643474,,SETBP1,-,-,SNV,-,ENST00000282030,Transcript,synonymous_variant,4898,4602,1534,P,ccG/ccC,ENSP00000282030,1
chr18,42643477,,SETBP1,-,-,SNV,-,ENST00000282030,Transcript,synonymous_variant,4901,4605,1535,P,ccA/ccC,ENSP00000282030,1
chr18,42643492,,SETBP1,-,-,SNV,-,ENST00000282030,Transcript,synonymous_variant,4916,4620,1540,P,ccG/ccC,ENSP00000282030,1
chr18,42643495,,SETBP1,-,-,SNV,-,ENST00000282030,Transcript,synonymous_variant,4919,4623,1541,P,ccA/ccC,ENSP00000282030,1
chr18,42643501,,SETBP1,-,-,SNV,-,ENST00000282030,Transcript,synonymous_variant,4925,4629,1543,P,ccT/ccC,ENSP00000282030,1
chr18,42643503,,SETBP1,-,-,SNV,-,ENST00000282030,Transcript,missense_variant,4927,4631,1544,L/P,cTa/cCa,ENSP00000282030,1
chr18,42643504,,SETBP1,-,-,SNV,-,ENST00000282030,Transcript,synonymous_variant,4928,4632,1544,L,ctA/ctC,ENSP00000282030,1
chr18,42643508,,SETBP1,-,-,SNV,-,ENST00000282030,Transcript,missense_variant,4932,4636,1546,K/Q,Aag/Cag,ENSP00000282030,1
chr18,42643511,,SETBP1,-,-,SNV,-,ENST00000282030,Transcript,missense_variant,4935,4639,1547,T/P,Acc/Ccc,ENSP00000282030,1
chr19,856070,,CFD,-,-,SNV,-,ENST00000327726,Transcript,upstream_gene_variant,-,-,-,-,-,ENSP00000332139,1
chr19,856070,,ELANE,-,-,SNV,-,ENST00000590230,Transcript,missense_variant,851,710,237,Q/L,cAg/cTg,ENSP00000466090,1
chr19,856075,,CFD,-,-,SNV,-,ENST00000327726,Transcript,upstream_gene_variant,-,-,-,-,-,ENSP00000332139,1
chr19,856075,,ELANE,-,-,SNV,-,ENST00000590230,Transcript,missense_variant,856,715,239,V/L,Gta/Tta,ENSP00000466090,1
chr19,4048130,4048213,ZBTB7A,-,-,deletion,-,ENST00000322357,Transcript,inframe_deletion,1571-1654,1292-1375,431-459,KHTGEKPYLCQQCGAAFAHNYDLKNHMRV/M,aAGCACACGGGCGAGAAGCCGTACCTGTGCCAGCAGTGCGGCGCCGCCTTTGCCCACAACTACGACCTGAAGAACCACATGCGCGtg/atg,ENSP00000323670,1
chr19,4048130,4048213,AC016586.1,-,-,deletion,-,ENST00000535853,Transcript,upstream_gene_variant,-,-,-,-,-,ENSP00000441439,1
chr19,4048199,,ZBTB7A,-,-,SNV,-,ENST00000322357,Transcript,missense_variant,1585,1306,436,K/Q,Aag/Cag,ENSP00000323670,1
chr19,4054379,4054383,ZBTB7A,-,-,deletion,-,ENST00000322357,Transcript,frameshift_variant,1127-1131,848-852,283-284,LS/X,cTGTCG/c,ENSP00000323670,1
chr19,10265312,,DNMT1,-,-,SNV,benign,ENST00000359526,Transcript,synonymous_variant,1962,1782,594,T,acA/acG,ENSP00000352516,1
chr19,10267077,,DNMT1,-,-,SNV,benign,ENST00000359526,Transcript,synonymous_variant,1569,1389,463,P,ccA/ccG,ENSP00000352516,1
chr19,10273372,,DNMT1,-,-,SNV,benign,ENST00000359526,Transcript,missense_variant,1159,979,327,I/V,Att/Gtt,ENSP00000352516,1
chr19,10287991,,DNMT1,-,-,SNV,-,ENST00000359526,Transcript,synonymous_variant,726,546,182,T,acC/acG,ENSP00000352516,1
chr19,13054587,13054634,CALR,-,-,deletion,-,ENST00000316448,Transcript,inframe_deletion,1187-1234,1114-1161,372-387,EDKKRKEEEEAEDKED/-,GAAGACAAGAAACGCAAAGAGGAGGAGGAGGCAGAGGACAAGGAGGAT/-,ENSP00000320866,1
chr19,13054587,13054634,RAD23A,-,-,deletion,-,ENST00000586534,Transcript,upstream_gene_variant,-,-,-,-,-,ENSP00000467024,1
chr19,13054587,13054634,CTC-425F1.4,-,-,deletion,-,ENST00000589120,Transcript,downstream_gene_variant,-,-,-,-,-,-,1
chr19,23544923,,ZNF91,-,-,SNV,-,ENST00000300619,Transcript,missense_variant,1064,858,286,R/S,agG/agT,ENSP00000300619,1
chr19,23544954,,ZNF91,-,-,SNV,-,ENST00000300619,Transcript,missense_variant,1033,827,276,L/Q,cTa/cAa,ENSP00000300619,1
chr19,23544988,,ZNF91,-,-,SNV,-,ENST00000300619,Transcript,missense_variant,999,793,265,I/F,Atc/Ttc,ENSP00000300619,1
chr19,23545004,,ZNF91,-,-,SNV,-,ENST00000300619,Transcript,synonymous_variant,983,777,259,I,atC/atT,ENSP00000300619,1
chr19,23545032,,ZNF91,-,-,SNV,-,ENST00000300619,Transcript,missense_variant,955,749,250,L/R,cTc/cGc,ENSP00000300619,1
chr19,23545032,,ZNF91,-,-,SNV,-,ENST00000300619,Transcript,missense_variant,955,749,250,L/P,cTc/cCc,ENSP00000300619,1
chr19,23545272,,ZNF91,-,-,SNV,-,ENST00000300619,Transcript,missense_variant,715,509,170,N/T,aAc/aCc,ENSP00000300619,1
chr19,23545447,,ZNF91,-,-,SNV,-,ENST00000300619,Transcript,missense_variant,540,334,112,Y/H,Tat/Cat,ENSP00000300619,1
chr19,33792431,,CEBPA-AS1,-,-,SNV,-,ENST00000320232,Transcript,upstream_gene_variant,-,-,-,-,-,-,1
chr19,33792431,,AC008738.1,-,-,SNV,-,ENST00000425420,Transcript,non_coding_transcript_exon_variant,569,-,-,-,-,-,1
chr19,33792431,,CEBPA,-,-,SNV,-,ENST00000498907,Transcript,missense_variant,1040,890,297,R/P,cGc/cCc,ENSP00000427514,1
chr19,33792431,,CTD-2540B15.7,-,-,SNV,-,ENST00000587312,Transcript,non_coding_transcript_exon_variant,247,-,-,-,-,-,1
chr19,33792431,,CTD-2540B15.11,-,-,SNV,-,ENST00000589932,Transcript,downstream_gene_variant,-,-,-,-,-,-,1
chr19,33792431,,CEBPA-AS1,-,-,SNV,-,ENST00000592982,Transcript,upstream_gene_variant,-,-,-,-,-,-,1
chr19,33792431,,CTD-2540B15.9,-,-,SNV,-,ENST00000593041,Transcript,upstream_gene_variant,-,-,-,-,-,-,1
chr19,33792755,33792757,CEBPA-AS1,-,-,deletion,-,ENST00000320232,Transcript,upstream_gene_variant,-,-,-,-,-,-,1
chr19,33792755,33792757,AC008738.1,-,-,deletion,-,ENST00000425420,Transcript,"splice_acceptor_variant,splice_polypyrimidine_tract_variant,intron_variant,non_coding_transcript_variant",-,-,-,-,-,-,1
chr19,33792755,33792757,CEBPA,-,-,deletion,-,ENST00000498907,Transcript,inframe_deletion,714-716,564-566,188-189,PP/P,ccGCCc/ccc,ENSP00000427514,1
chr19,33792755,33792757,CTD-2540B15.7,-,-,deletion,-,ENST00000587312,Transcript,non_coding_transcript_exon_variant,391-393,-,-,-,-,-,1
chr19,33792755,33792757,CTD-2540B15.11,-,-,deletion,-,ENST00000589932,Transcript,downstream_gene_variant,-,-,-,-,-,-,1
chr19,33792755,33792757,CEBPA-AS1,-,-,deletion,-,ENST00000592982,Transcript,upstream_gene_variant,-,-,-,-,-,-,1
chr19,33792755,33792757,CTD-2540B15.9,-,-,deletion,-,ENST00000593041,Transcript,upstream_gene_variant,-,-,-,-,-,-,1
chr19,33792977,33792984,CEBPA-AS1,-,-,deletion,-,ENST00000320232,Transcript,upstream_gene_variant,-,-,-,-,-,-,1
chr19,33792977,33792984,AC008738.1,-,-,deletion,-,ENST00000425420,Transcript,"intron_variant,non_coding_transcript_variant",-,-,-,-,-,-,1
chr19,33792977,33792984,CEBPA,-,-,deletion,-,ENST00000498907,Transcript,frameshift_variant,487-494,337-344,113-115,AGP/X,GCGGGCCCc/c,ENSP00000427514,1
chr19,33792977,33792984,CTD-2540B15.7,-,-,deletion,-,ENST00000587312,Transcript,downstream_gene_variant,-,-,-,-,-,-,1
chr19,33792977,33792984,CTD-2540B15.11,-,-,deletion,-,ENST00000589932,Transcript,downstream_gene_variant,-,-,-,-,-,-,1
chr19,33792977,33792984,CEBPA-AS1,-,-,deletion,-,ENST00000592982,Transcript,upstream_gene_variant,-,-,-,-,-,-,1
chr19,33792977,33792984,CTD-2540B15.9,-,-,deletion,-,ENST00000593041,Transcript,upstream_gene_variant,-,-,-,-,-,-,1
chr19,33793008,33793010,CEBPA-AS1,-,-,deletion,-,ENST00000320232,Transcript,upstream_gene_variant,-,-,-,-,-,-,1
chr19,33793008,33793010,AC008738.1,-,-,deletion,-,ENST00000425420,Transcript,"intron_variant,non_coding_transcript_variant",-,-,-,-,-,-,1
chr19,33793008,33793010,CEBPA,-,-,deletion,-,ENST00000498907,Transcript,inframe_deletion,461-463,311-313,104-105,GD/D,gGCGac/gac,ENSP00000427514,1
chr19,33793008,33793010,CTD-2540B15.7,-,-,deletion,-,ENST00000587312,Transcript,downstream_gene_variant,-,-,-,-,-,-,1
chr19,33793008,33793010,CTD-2540B15.11,-,-,deletion,-,ENST00000589932,Transcript,downstream_gene_variant,-,-,-,-,-,-,1
chr19,33793008,33793010,CEBPA-AS1,-,-,deletion,-,ENST00000592982,Transcript,upstream_gene_variant,-,-,-,-,-,-,1
chr19,33793008,33793010,CTD-2540B15.9,-,-,deletion,-,ENST00000593041,Transcript,upstream_gene_variant,-,-,-,-,-,-,1
chr19,56171544,,U2AF2,-,-,SNV,-,ENST00000308924,Transcript,"missense_variant,splice_region_variant",227,187,63,K/Q,Aaa/Caa,ENSP00000307863,1
chr19,56171544,,CTD-2537I9.12,-,-,SNV,-,ENST00000589456,Transcript,downstream_gene_variant,-,-,-,-,-,-,1
chr19,56171885,,U2AF2,-,-,SNV,-,ENST00000308924,Transcript,synonymous_variant,274,234,78,R,cgT/cgG,ENSP00000307863,1
chr19,56171885,,CTD-2537I9.12,-,-,SNV,-,ENST00000589456,Transcript,downstream_gene_variant,-,-,-,-,-,-,1
chr19,56171896,,U2AF2,-,-,SNV,-,ENST00000308924,Transcript,missense_variant,285,245,82,H/P,cAc/cCc,ENSP00000307863,1
chr19,56171896,,CTD-2537I9.12,-,-,SNV,-,ENST00000589456,Transcript,downstream_gene_variant,-,-,-,-,-,-,1
chr19,56171898,,U2AF2,-,-,SNV,-,ENST00000308924,Transcript,missense_variant,287,247,83,E/Q,Gag/Cag,ENSP00000307863,1
chr19,56171898,,CTD-2537I9.12,-,-,SNV,-,ENST00000589456,Transcript,downstream_gene_variant,-,-,-,-,-,-,1
chr19,56180968,,U2AF2,-,-,SNV,-,ENST00000308924,Transcript,synonymous_variant,1243,1203,401,D,gaC/gaT,ENSP00000307863,1
chr19,56180968,,CTD-2537I9.12,-,-,SNV,-,ENST00000589456,Transcript,"intron_variant,non_coding_transcript_variant",-,-,-,-,-,-,1
chr19,56180968,,CTD-2537I9.13,-,-,SNV,-,ENST00000592252,Transcript,upstream_gene_variant,-,-,-,-,-,-,1
chr20,31022959,,ASXL1,-,-,SNV,not_provided,ENST00000375687,Transcript,missense_variant,2868,2444,815,L/P,cTg/cCg,ENSP00000364839,1
chr20,31024274,,ASXL1,-,-,SNV,benign,ENST00000375687,Transcript,synonymous_variant,4183,3759,1253,S,agT/agC,ENSP00000364839,1
chr21,36164600,36164601,RUNX1,-,-,insertion,-,ENST00000300305,Transcript,inframe_insertion,1719-1720,1274-1275,425,P/PPP,ccg/ccCCCCCCg,ENSP00000300305,1
chr21,36164603,,RUNX1,-,-,SNV,likely_benign,ENST00000300305,Transcript,synonymous_variant,1717,1272,424,S,tcG/tcC,ENSP00000300305,1
chr21,36164605,,RUNX1,-,-,SNV,-,ENST00000300305,Transcript,missense_variant,1715,1270,424,S/A,Tcg/Gcg,ENSP00000300305,1
chr21,36164605,,RUNX1,-,-,SNV,-,ENST00000300305,Transcript,missense_variant,1715,1270,424,S/P,Tcg/Ccg,ENSP00000300305,1
chr21,36164607,,RUNX1,-,-,SNV,uncertain_significance,ENST00000300305,Transcript,missense_variant,1713,1268,423,R/P,cGc/cCc,ENSP00000300305,1
chr21,36164608,,RUNX1,-,-,SNV,-,ENST00000300305,Transcript,missense_variant,1712,1267,423,R/G,Cgc/Ggc,ENSP00000300305,1
chr21,36164609,,RUNX1,-,-,SNV,uncertain_significance,ENST00000300305,Transcript,missense_variant,1711,1266,422,E/D,gaG/gaC,ENSP00000300305,1
chr21,36164610,,RUNX1,-,-,SNV,-,ENST00000300305,Transcript,missense_variant,1710,1265,422,E/A,gAg/gCg,ENSP00000300305,1
chr21,36164619,,RUNX1,-,-,SNV,-,ENST00000300305,Transcript,missense_variant,1701,1256,419,V/G,gTg/gGg,ENSP00000300305,1
chr21,36164622,,RUNX1,0.0002,-,SNV,uncertain_significance,ENST00000300305,Transcript,missense_variant,1698,1253,418,M/R,aTg/aGg,ENSP00000300305,1
chr22,28194419,28194496,MN1,-,-,deletion,-,ENST00000302326,Transcript,inframe_deletion,2991-3068,2036-2113,679-705,PLQEPMRMPGEGHVPALPSPGLQFGGS/R,cCTCTGCAGGAGCCGATGAGGATGCCCGGAGAGGGCCACGTGCCCGCGCTGCCTTCACCGGGCCTGCAGTTCGGGGGCAgt/cgt,ENSP00000304956,1
chr22,28194874,28194900,MN1,-,-,deletion,-,ENST00000302326,Transcript,inframe_deletion,2587-2613,1632-1658,544-553,QQQQQQQRQN/H,caACAGCAGCAGCAGCAGCAGCGCCAAAAc/cac,ENSP00000304956,1
chr22,28194934,28194936,MN1,-,-,deletion,-,ENST00000302326,Transcript,inframe_deletion,2551-2553,1596-1598,532-533,QQ/Q,caGCAa/caa,ENSP00000304956,1
chr22,28194934,28194939,MN1,-,-,deletion,-,ENST00000302326,Transcript,inframe_deletion,2548-2553,1593-1598,531-533,QQQ/Q,caGCAGCAa/caa,ENSP00000304956,1
chr22,28195607,28195624,MN1,-,-,deletion,-,ENST00000302326,Transcript,inframe_deletion,1863-1880,908-925,303-309,PQQQQQQ/Q,cCCCAGCAGCAGCAGCAGCag/cag,ENSP00000304956,1
chr22,28195938,28195997,MN1,-,-,deletion,-,ENST00000302326,Transcript,inframe_deletion,1490-1549,535-594,179-198,SGASSHAVPAPCLPLDQSPN/-,TCAGGTGCCTCCAGCCACGCCGTGCCGGCCCCATGCCTGCCGCTGGACCAGAGCCCTAAC/-,ENSP00000304956,1
chr22,30733707,,SF3A1,-,-,SNV,-,ENST00000215793,Transcript,synonymous_variant,2078,1923,641,P,ccC/ccG,ENSP00000215793,1
chr22,30733708,,SF3A1,-,-,SNV,-,ENST00000215793,Transcript,missense_variant,2077,1922,641,P/R,cCc/cGc,ENSP00000215793,1
chr22,30733709,,SF3A1,-,-,SNV,-,ENST00000215793,Transcript,missense_variant,2076,1921,641,P/A,Ccc/Gcc,ENSP00000215793,1
chrX,39933339,,BCOR,-,-,SNV,benign,ENST00000378444,Transcript,synonymous_variant,1489,1260,420,D,gaT/gaC,ENSP00000367705,1
chrX,44929077,,KDM6A,-,-,SNV,benign,ENST00000377967,Transcript,missense_variant,2218,2177,726,T/K,aCg/aAg,ENSP00000367203,1
chrX,44938563,,KDM6A,-,-,SNV,benign,ENST00000377967,Transcript,synonymous_variant,3152,3111,1037,Q,caG/caA,ENSP00000367203,1
chrX,47062534,,UBA1,-,-,SNV,benign,ENST00000335972,Transcript,"missense_variant,splice_region_variant",1523,1340,447,R/H,cGc/cAc,ENSP00000338413,1
chrX,47062534,,INE1,-,-,SNV,benign,ENST00000456273,Transcript,upstream_gene_variant,-,-,-,-,-,-,1
chrX,129147079,,BCORL1,-,-,SNV,-,ENST00000540052,Transcript,missense_variant,375,331,111,F/L,Ttc/Ctc,ENSP00000437775,1
chrX,129147631,129147672,BCORL1,-,-,deletion,-,ENST00000540052,Transcript,inframe_deletion,927-968,883-924,295-308,VPLSAPAPAPLSVP/-,GTTCCCTTGTCGGCTCCAGCTCCTGCCCCGCTTTCAGTCCCA/-,ENSP00000437775,1
chrX,129147835,,BCORL1,-,-,SNV,-,ENST00000540052,Transcript,missense_variant,1131,1087,363,S/A,Tct/Gct,ENSP00000437775,1
chrX,129147846,,BCORL1,-,-,SNV,-,ENST00000540052,Transcript,synonymous_variant,1142,1098,366,P,ccA/ccC,ENSP00000437775,1
chrX,129147874,,BCORL1,-,-,SNV,-,ENST00000540052,Transcript,missense_variant,1170,1126,376,F/L,Ttt/Ctt,ENSP00000437775,1
chrX,129147875,,BCORL1,-,-,SNV,-,ENST00000540052,Transcript,missense_variant,1171,1127,376,F/S,tTt/tCt,ENSP00000437775,1
chrX,129147880,129147927,BCORL1,-,-,deletion,-,ENST00000540052,Transcript,inframe_deletion,1176-1223,1132-1179,378-393,PTPVPAPTPAPIFTPA/-,CCTACACCGGTGCCTGCACCCACCCCAGCCCCCATCTTTACTCCAGCC/-,ENSP00000437775,1
